id,name,email
C001,Isabella Hernandez,isabella.hernandez@example.com
C002,John Jones,john.jones@example.com
C003,Emma Martinez,emma.martinez@example.com
C004,John Davis,john.davis@example.com
C005,Isabella Miller,isabella.miller@example.com
C006,Isabella Hernandez,isabella.hernandez@example.com
C007,William Garcia,william.garcia@example.com
C008,Sophia Williams,sophia.williams@example.com
C009,Olivia Davis,olivia.davis@example.com
C010,Isabella Smith,isabella.smith@example.com
